run,bug,target,outcome,lines_added,lines_removed,hunks,files,chars,touches_tests,tests_only,relocated,arm_patch_off,arm_8k
baseline_1790918711,test_drive_underscore_prefix,nodus,rejected,6,1,1,1,727,0,0,0,0,0
baseline_1790924042,test_cart_total_counts_every_item,bugbench,verified,1,1,1,1,409,0,0,1,0,0
baseline_1790924042,test_century_divisible_by_400_is_leap,bugbench,verified,1,1,1,1,286,0,0,1,0,0
baseline_1790924042,test_days_between_ignores_order,bugbench,verified,1,1,1,1,280,0,0,1,0,0
baseline_1790924042,test_discount_takes_a_percentage,bugbench,verified,1,1,1,1,479,0,0,1,0,0
baseline_1790924042,test_short_text_is_not_truncated,bugbench,verified,3,1,1,1,356,0,0,1,0,0
baseline_1790924374,test_century_divisible_by_400_is_leap,bugbench,verified,1,1,1,1,286,0,0,1,0,0
baseline_1790924374,test_days_between_ignores_order,bugbench,verified,1,1,1,1,280,0,0,1,0,0
baseline_1790924374,test_short_text_is_not_truncated,bugbench,rejected,3,1,1,1,367,0,0,1,0,0
baseline_1790924665,test_cart_total_counts_every_item,bugbench,verified,1,1,1,1,409,0,0,1,0,0
baseline_1790924665,test_century_divisible_by_400_is_leap,bugbench,verified,1,1,1,1,286,0,0,1,0,0
baseline_1790924665,test_days_between_ignores_order,bugbench,verified,1,1,1,1,280,0,0,1,0,0
baseline_1790924665,test_discount_takes_a_percentage,bugbench,verified,1,1,1,1,479,0,0,1,0,0
baseline_1790924665,test_short_text_is_not_truncated,bugbench,verified,3,1,1,1,357,0,0,1,0,0
short_off_1790918530,test_drive_underscore_prefix,nodus,rejected,4,1,1,1,417,0,0,1,0,0
short_off_1790924147,test_cart_total_counts_every_item,bugbench,verified,1,2,1,1,414,0,0,1,0,0
short_off_1790924147,test_century_divisible_by_400_is_leap,bugbench,verified,1,1,1,1,286,0,0,1,0,0
short_off_1790924147,test_days_between_ignores_order,bugbench,verified,1,1,1,1,280,0,0,1,0,0
short_off_1790924147,test_discount_takes_a_percentage,bugbench,verified,1,1,1,1,479,0,0,1,0,0
short_off_1790924147,test_short_text_is_not_truncated,bugbench,verified,3,1,1,1,360,0,0,1,0,0
short_off_1790924147,test_slug_collapses_punctuation_and_spaces,bugbench,refused_before_vm,12,7,1,1,904,0,0,1,0,0
short_off_1790924435,test_cart_total_counts_every_item,bugbench,verified,1,1,1,1,409,0,0,1,0,0
short_off_1790924435,test_century_divisible_by_400_is_leap,bugbench,verified,1,1,1,1,286,0,0,1,0,0
short_off_1790924435,test_days_between_ignores_order,bugbench,verified,1,1,1,1,280,0,0,1,0,0
short_off_1790924435,test_discount_takes_a_percentage,bugbench,verified,1,1,1,1,304,0,0,1,0,0
short_off_1790924435,test_short_text_is_not_truncated,bugbench,verified,3,1,1,1,357,0,0,1,0,0
short_off_1790924747,test_cart_total_counts_every_item,bugbench,verified,1,1,1,1,409,0,0,1,0,0
short_off_1790924747,test_century_divisible_by_400_is_leap,bugbench,verified,1,1,1,1,286,0,0,1,0,0
short_off_1790924747,test_days_between_ignores_order,bugbench,verified,1,1,1,1,280,0,0,1,0,0
short_off_1790924747,test_discount_takes_a_percentage,bugbench,verified,1,1,1,1,304,0,0,1,0,0
short_off_1790924747,test_short_text_is_not_truncated,bugbench,verified,3,1,1,1,357,0,0,1,0,0
short_off_patch_8k_1790918620,test_drive_underscore_prefix,nodus,rejected,7,1,1,1,528,0,0,0,0,1
short_off_patch_8k_1790919087,test_drive_underscore_prefix,nodus,rejected,2,1,1,1,322,0,0,1,0,1
short_off_patch_8k_1790919609,test_connect_mcp_falls_back_to_mock_without_launcher,nodus,rejected,1,4,1,1,447,0,0,0,0,1
short_off_patch_8k_1790919609,test_connect_mcp_forwards_org_id_env,nodus,rejected,16,0,2,2,2792,1,1,0,0,1
short_off_patch_8k_1790919609,test_drive_underscore_prefix,nodus,rejected,4,1,1,1,383,0,0,0,0,1
short_off_patch_8k_1790919888,test_connect_mcp_forwards_org_id_env,nodus,rejected,8,0,1,1,1355,1,1,1,0,1
short_off_patch_8k_1790919888,test_drive_underscore_prefix,nodus,verified,6,0,1,1,464,0,0,1,0,1
short_off_patch_8k_1790920128,test_connect_mcp_forwards_org_id_env,nodus,rejected,8,0,1,1,1355,1,1,0,0,1
short_off_patch_8k_1790920128,test_drive_underscore_prefix,nodus,rejected,5,0,1,1,2396,0,0,0,0,1
short_off_patch_8k_1790923943,test_cart_total_counts_every_item,bugbench,verified,1,1,1,1,409,0,0,1,0,1
short_off_patch_8k_1790923943,test_century_divisible_by_400_is_leap,bugbench,verified,1,1,1,1,286,0,0,1,0,1
short_off_patch_8k_1790923943,test_days_between_ignores_order,bugbench,verified,1,1,1,1,280,0,0,1,0,1
short_off_patch_8k_1790923943,test_discount_takes_a_percentage,bugbench,verified,1,1,1,1,479,0,0,1,0,1
short_off_patch_8k_1790923943,test_short_text_is_not_truncated,bugbench,verified,3,1,1,1,356,0,0,1,0,1
short_off_patch_8k_1790923943,test_slug_collapses_punctuation_and_spaces,bugbench,refused_before_vm,16,7,1,1,1041,0,0,1,0,1
short_off_patch_8k_1790924292,test_cart_total_counts_every_item,bugbench,verified,1,1,1,1,409,0,0,1,0,1
short_off_patch_8k_1790924292,test_century_divisible_by_400_is_leap,bugbench,verified,1,1,1,1,286,0,0,1,0,1
short_off_patch_8k_1790924292,test_days_between_ignores_order,bugbench,verified,1,1,1,1,280,0,0,1,0,1
short_off_patch_8k_1790924292,test_discount_takes_a_percentage,bugbench,verified,1,1,1,1,479,0,0,1,0,1
short_off_patch_8k_1790924292,test_short_text_is_not_truncated,bugbench,verified,3,1,1,1,356,0,0,1,0,1
short_off_patch_8k_1790924292,test_slug_collapses_punctuation_and_spaces,bugbench,refused_before_vm,16,7,1,1,1038,0,0,1,0,1
short_off_patch_8k_1790924575,test_cart_total_counts_every_item,bugbench,verified,1,1,1,1,409,0,0,1,0,1
short_off_patch_8k_1790924575,test_century_divisible_by_400_is_leap,bugbench,verified,1,1,1,1,286,0,0,1,0,1
short_off_patch_8k_1790924575,test_days_between_ignores_order,bugbench,verified,1,1,1,1,280,0,0,1,0,1
short_off_patch_8k_1790924575,test_discount_takes_a_percentage,bugbench,verified,1,1,1,1,479,0,0,1,0,1
short_off_patch_8k_1790924575,test_short_text_is_not_truncated,bugbench,verified,5,3,1,1,492,0,0,1,0,1
short_off_patch_8k_1790924575,test_slug_collapses_punctuation_and_spaces,bugbench,verified,17,7,1,1,942,0,0,1,0,1
short_off_patch_8k_1790924899,test_cart_total_counts_every_item,bugbench,verified,1,1,1,1,409,0,0,1,0,1
short_off_patch_8k_1790924899,test_century_divisible_by_400_is_leap,bugbench,verified,1,1,1,1,286,0,0,1,0,1
short_off_patch_8k_1790924899,test_days_between_ignores_order,bugbench,verified,1,1,1,1,280,0,0,1,0,1
short_off_patch_8k_1790924899,test_discount_takes_a_percentage,bugbench,verified,1,1,1,1,304,0,0,1,0,1
short_off_patch_8k_1790924899,test_short_text_is_not_truncated,bugbench,verified,3,1,1,1,360,0,0,1,0,1
short_off_patch_8k_1790924899,test_slug_collapses_punctuation_and_spaces,bugbench,refused_before_vm,16,7,1,1,1038,0,0,1,0,1
short_off_patch_off_1790919539,test_connect_mcp_falls_back_to_mock_without_launcher,nodus,rejected,1,1,1,1,518,1,1,1,1,0
short_off_patch_off_1790919539,test_connect_mcp_forwards_org_id_env,nodus,refused_before_vm,3,2,2,1,793,0,0,1,1,0
short_off_patch_off_1790919539,test_drive_underscore_prefix,nodus,rejected,0,0,1,1,200,0,0,1,1,0
short_off_patch_off_1790919823,test_connect_mcp_falls_back_to_mock_without_launcher,nodus,rejected,2,2,1,1,830,1,1,1,1,0
short_off_patch_off_1790919823,test_connect_mcp_forwards_org_id_env,nodus,refused_before_vm,3,2,2,1,793,0,0,1,1,0
short_off_patch_off_1790919823,test_drive_underscore_prefix,nodus,rejected,0,0,1,1,200,0,0,1,1,0
short_off_patch_off_1790920078,test_connect_mcp_falls_back_to_mock_without_launcher,nodus,refused_before_vm,0,0,1,1,489,1,1,1,1,0
short_off_patch_off_1790920078,test_connect_mcp_forwards_org_id_env,nodus,refused_before_vm,3,2,2,1,793,0,0,1,1,0
short_off_patch_off_1790920078,test_drive_underscore_prefix,nodus,rejected,0,0,1,1,200,0,0,1,1,0
short_off_patch_off_1790924229,test_cart_total_counts_every_item,bugbench,verified,1,1,1,1,409,0,0,1,1,0
short_off_patch_off_1790924229,test_century_divisible_by_400_is_leap,bugbench,verified,1,1,1,1,286,0,0,1,1,0
short_off_patch_off_1790924229,test_days_between_ignores_order,bugbench,verified,1,1,1,1,280,0,0,1,1,0
short_off_patch_off_1790924229,test_discount_takes_a_percentage,bugbench,verified,1,1,1,1,479,0,0,1,1,0
short_off_patch_off_1790924229,test_short_text_is_not_truncated,bugbench,verified,3,1,1,1,357,0,0,1,1,0
short_off_patch_off_1790924229,test_slug_collapses_punctuation_and_spaces,bugbench,rejected,0,0,1,1,515,0,0,1,1,0
short_off_patch_off_1790924512,test_cart_total_counts_every_item,bugbench,verified,1,1,1,1,409,0,0,1,1,0
short_off_patch_off_1790924512,test_century_divisible_by_400_is_leap,bugbench,verified,1,1,1,1,286,0,0,1,1,0
short_off_patch_off_1790924512,test_days_between_ignores_order,bugbench,verified,1,1,1,1,280,0,0,1,1,0
short_off_patch_off_1790924512,test_discount_takes_a_percentage,bugbench,verified,1,1,1,1,479,0,0,1,1,0
short_off_patch_off_1790924512,test_short_text_is_not_truncated,bugbench,verified,3,1,1,1,357,0,0,1,1,0
short_off_patch_off_1790924512,test_slug_collapses_punctuation_and_spaces,bugbench,verified,5,1,1,1,679,0,0,1,1,0
short_off_patch_off_1790924824,test_cart_total_counts_every_item,bugbench,verified,1,1,1,1,409,0,0,1,1,0
short_off_patch_off_1790924824,test_century_divisible_by_400_is_leap,bugbench,verified,1,1,1,1,286,0,0,1,1,0
short_off_patch_off_1790924824,test_days_between_ignores_order,bugbench,verified,1,1,1,1,280,0,0,1,1,0
short_off_patch_off_1790924824,test_discount_takes_a_percentage,bugbench,verified,1,1,1,1,479,0,0,1,1,0
short_off_patch_off_1790924824,test_short_text_is_not_truncated,bugbench,verified,3,1,1,1,357,0,0,1,1,0
short_off_patch_off_1790924824,test_slug_collapses_punctuation_and_spaces,bugbench,rejected,0,0,1,1,515,0,0,1,1,0
